,Sample_Name,Sample_Group,Sample_Plate,Pool_ID,Sample_Well,Sentrix_Position,Sentrix_ID,Basename,Platform,Batch,Tumor
1,6285617026_R02C02,tumor,NA,NA,NA,R02C02,6285617026,extdata/6285617026_R02C02,HM450,1,74.99588603
2,6285650095_R03C01,tumor,NA,NA,NA,R03C01,6285650095,extdata/6285650095_R03C01,HM450,1,69.04006126
3,6042324113_R05C02,tumor,NA,NA,NA,R05C02,6042324113,extdata/6042324113_R05C02,HM450,1,75.76724742
4,6285617068_R04C02,tumor,NA,NA,NA,R04C02,6285617068,extdata/6285617068_R04C02,HM450,1,63.60433331
5,6929718090_R02C02,tumor,NA,NA,NA,R02C02,6929718090,extdata/6929718090_R02C02,HM450,1,82.05251539
